,param,estimate,stdev,low_95,high_95,guess,lower_bound,upper_bound,fixed
0,logK_2AP,-5.725470292485367,78.12478127844481,-191.28069854445494,189.54305968808217,-3.0,-inf,inf,False
1,logK_mg,-4.389938254541714,100.45193969631602,-252.7657000412389,228.5672451888524,-6.0,-inf,inf,False
2,n_mg,0.7762330593549134,0.045913668231243876,0.690926150882667,0.8677913550769305,1.0,-5.0,5.0,False
