,param,estimate,stdev,low_95,high_95,guess,lower_bound,upper_bound,fixed
0,logK_2AP,7.995271271101408,85.9560223215943,-183.76091122585555,182.06122886922614,-3.0,-inf,inf,False
1,logK_mg,-22.478846386397894,127.53093544098614,-283.10050244658356,256.93948105529694,-6.0,-inf,inf,False
2,n_mg,0.678166780618459,0.03192512076052921,0.6166300859109131,0.7439953858340573,1.0,-5.0,5.0,False
