,param,estimate,stdev,low_95,high_95,guess,lower_bound,upper_bound,fixed
0,logK_2AP,-4.57105292408572,56.175651579513094,-121.8826561430881,118.02672828291729,-3.0,-inf,inf,False
1,logK_mg,-4.187842725157323,119.6179571460028,-262.1475951377053,243.3614655724147,-6.0,-inf,inf,False
2,n_mg,0.4666486576732504,0.027640056891430773,0.4126602990541392,0.5193869675299216,1.0,-5.0,5.0,False
