,param,estimate,stdev,low_95,high_95,guess,lower_bound,upper_bound,fixed
0,logK_2AP,-3.390972257836325e+21,1.5076991033302932e+23,-8.195812886181398e+19,42.22520032085971,-3.0,-inf,inf,False
1,logK_mg,-4.071570268530998e+22,2.1960336526288677e+24,-1.4007777525823373e+19,2.1923034067221732e+16,-6.0,-inf,inf,False
2,n_mg,0.36719124987368573,2.088589570416667,-4.655485356825067,4.677912612206041,1.0,-5.0,5.0,False
