,param,estimate,stdev,low_95,high_95,guess,lower_bound,upper_bound,fixed
0,logK_2AP,-1.384845909778014e+57,3.4321360111788947e+58,-1.4863723692197768e+57,-67590.81417417177,-3.0,-inf,inf,False
1,logK_mg,-1.3879698930604849e+57,3.435083483267223e+58,-1.526290519958785e+57,1.749669042826619e+45,-6.0,-inf,inf,False
2,n_mg,1.5514000400289043,2.992464832946983,-4.730567530174248,4.9119694566571,1.0,-5.0,5.0,False
