,param,estimate,stdev,low_95,high_95,guess,lower_bound,upper_bound,fixed
0,logK_2AP,-8.034997698132928,40.51734636827485,-95.87812661995005,76.44200517512814,-3.0,-inf,inf,False
1,logK_mg,5.345040892420681,126.62398927685183,-253.53636070920345,272.1830203821885,-6.0,-inf,inf,False
2,n_mg,0.3132285189469208,0.04330509996401943,0.2283237517180713,0.4061762898822801,1.0,-5.0,5.0,False
