,param,estimate,stdev,low_95,high_95,guess,lower_bound,upper_bound,fixed
0,logK_2AP,-1.35473180702881,94.58876658706113,-214.5347748847437,213.3861094252277,-3.0,-inf,inf,False
1,logK_mg,-8.887282386283594,118.20736428165063,-277.9542264718608,258.27255013709055,-6.0,-inf,inf,False
2,n_mg,0.8017586310459164,0.03714324850455126,0.7283232181159036,0.8797252625417014,1.0,-5.0,5.0,False
