,param,estimate,stdev,low_95,high_95,guess,lower_bound,upper_bound,fixed
0,logK_2AP,-6.891260879077824,43.92241505138871,-90.2165620926359,91.3533124551123,-3.0,-inf,inf,False
1,logK_mg,6.423935039505071,132.43888105086307,-296.0708381593727,261.93094374824534,-6.0,-inf,inf,False
2,n_mg,0.33094912801597287,0.02611541340198055,0.28340836214332055,0.39061305119908074,1.0,-5.0,5.0,False
