,param,estimate,stdev,low_95,high_95,guess,lower_bound,upper_bound,fixed
0,logK_link,-8.484695338224855,587.1576914432371,-1242.0572303883228,1225.0878397118731,-6.0,-inf,inf,False
1,logK_dock,-4.382873877510339,47.0261416179183,-103.18113127008758,94.4153835150669,-5.0,-inf,inf,False
2,logK_2AP,-2.749608380400807,0.03679256835942836,-2.826906698184202,-2.672310062617412,-5.0,-inf,inf,False
3,logK_mg,-9.30374742080867,31.94802759168527,-76.42406273040658,57.81656788878923,-6.0,-inf,inf,False
4,n_mg,-1.4767979017373052,0.22146251077233509,-1.942073371706005,-1.0115224317686053,0.0,-5.0,5.0,False
