,param,Mg,estimate,stdev,low_95,high_95,guess,lower_bound,upper_bound,fixed
0,logK_app,0.1,-4.650823832196279,0.1913970835509399,-5.18222732797042,-4.119420336422138,-3.0,-inf,inf,False
0,logK_app,1.0,-3.3696422764464233,0.043000278797115626,-3.4890301900348155,-3.250254362858031,-3.0,-inf,inf,False
0,logK_app,10.0,-2.7756092855597028,0.04488064894529893,-2.900217943641979,-2.6510006274774267,-3.0,-inf,inf,False
0,logK_app,100.0,-2.7626683153805067,0.03982670351233227,-2.873244971403486,-2.6520916593575277,-3.0,-inf,inf,False
