,param,Mg,estimate,stdev,low_95,high_95,guess,lower_bound,upper_bound,fixed
0,logK_app,0.1,-5.869939494856573,2.637232808040559,-13.19207161600783,1.452192626294683,-3.0,-inf,inf,False
0,logK_app,1.0,-5.187777623267785,0.2960185804952995,-5.94871760958948,-4.42683763694609,-3.0,-inf,inf,False
0,logK_app,10.0,-4.939316241724151,0.17830445514022494,-5.397662435495101,-4.480970047953201,-3.0,-inf,inf,False
0,logK_app,100.0,-4.95520338013234,0.18367635132383142,-5.427358472661049,-4.483048287603631,-3.0,-inf,inf,False
