,param,estimate,stdev,low_95,high_95,guess,lower_bound,upper_bound,fixed
0,logK_2AP,-2.272452194139357,0.04135954986950466,-2.358010941740414,-2.1868934465383,-3.0,-inf,inf,False
1,logK_mg,-6.666787214128548,0.10181905793934688,-6.877415983220475,-6.456158445036621,-6.0,-inf,inf,False
2,n_mg,1.4732970535711765,0.16121922226513424,1.1397896824865676,1.8068044246557853,1.0,-5.0,5.0,False
