,param,estimate,stdev,low_95,high_95,guess,lower_bound,upper_bound,fixed
0,logK_2AP,-2.7484627185908823,0.03384426255854003,-2.8190606131876645,-2.6778648239941,-3.0,-inf,inf,False
1,logK_mg,-6.3420098367369455,0.08410633819480942,-6.517452583894697,-6.166567089579194,-6.0,-inf,inf,False
2,n_mg,1.4479258228082035,0.208296955865153,1.013425986696749,1.882425658919658,1.0,-5.0,5.0,False
