,param,estimate,stdev,low_95,high_95,guess,lower_bound,upper_bound,fixed
0,logK_2AP,-3.505244488637889,1.8910990589495142,-7.417280948990088,0.4067919717143096,-3.0,-inf,inf,False
1,logK_mg,-9.20863049102946,6.796836812469831,-23.26895868992147,4.851697707862549,-6.0,-inf,inf,False
2,n_mg,0.41377688640028665,0.2888680188784476,-0.18379213925928506,1.0113459120598582,1.0,-5.0,5.0,False
