,param,estimate,stdev,low_95,high_95,guess,lower_bound,upper_bound,fixed
0,logK_2AP,-2.4372137682056167,0.039929648567283295,-2.5205055555791405,-2.353921980832093,-3.0,-inf,inf,False
1,logK_mg,-7.015822092279389,0.05978073236195718,-7.140522514837214,-6.891121669721564,-6.0,-inf,inf,False
2,n_mg,1.8086386874126739,0.12558723966917332,1.5466682960197642,2.0706090788055835,1.0,-5.0,5.0,False
