,param,estimate,stdev,low_95,high_95,guess,lower_bound,upper_bound,fixed
0,logK_2AP,-2.363130472179641,0.03033816308788495,-2.426414771438159,-2.2998461729211233,-3.0,-inf,inf,False
1,logK_mg,-6.0042581294362405,0.06797358979104019,-6.146048553119792,-5.862467705752689,-6.0,-inf,inf,False
2,n_mg,1.4731677006738835,0.15071081030824565,1.1587904592630678,1.7875449420846992,1.0,-5.0,5.0,False
