,param,estimate,stdev,low_95,high_95,guess,lower_bound,upper_bound,fixed
0,logK_2AP,-2.881197627576541,0.0464026810660845,-2.9771888869077445,-2.785206368245338,-3.0,-inf,inf,False
1,logK_mg,-7.340232021651647,0.08732897335727483,-7.520885766997255,-7.159578276306039,-6.0,-inf,inf,False
2,n_mg,1.4490310533302182,0.16061815319753223,1.1167670883466918,1.7812950183137446,1.0,-5.0,5.0,False
