,param,estimate,stdev,low_95,high_95,guess,lower_bound,upper_bound,fixed
0,logK_2AP,-4.940261397955285,0.16156344761862387,-5.2744808534370895,-4.606041942473481,-3.0,-inf,inf,False
1,logK_mg,-5.898036083645899,0.6071717875424566,-7.154066622777335,-4.642005544514464,-6.0,-inf,inf,False
2,n_mg,1.298744824668296,4.374422770984499,-7.750438131719138,10.347927781055729,1.0,-5.0,5.0,False
