,param,estimate,stdev,low_95,high_95,guess,lower_bound,upper_bound,fixed
0,logK_2AP,-3.8709073550632014,0.04155173339322676,-3.956863664573203,-3.7849510455532,-3.0,-inf,inf,False
1,logK_mg,-6.365390347347447,0.1931550396370746,-6.764961990083473,-5.965818704611421,-6.0,-inf,inf,False
2,n_mg,1.6954427150956135,0.7789920338139745,0.08397491589052852,3.3069105143006983,1.0,-5.0,5.0,False
