,param,estimate,stdev,low_95,high_95,guess,lower_bound,upper_bound,fixed
0,logK_2AP,-5.890375673655437,178.42890277046837,-374.99868330850387,363.21793196119296,-3.0,-inf,inf,False
1,logK_mg,-2.2334135050580963,264.0849522049861,-548.5347596810512,544.067932670935,-6.0,-inf,inf,False
2,n_mg,0.6756545143676095,0.025248959856320655,0.623423061405667,0.727885967329552,1.0,-5.0,5.0,False
