,param,estimate,stdev,low_95,high_95,guess,lower_bound,upper_bound,fixed
0,logK_2AP,-5.119266908129937,0.8779374883474192,-6.950612417807029,-3.2879213984528444,-3.0,-inf,inf,False
1,logK_mg,-4.4078137425568364,1.0994436637770157,-6.701213037523722,-2.1144144475899513,-6.0,-inf,inf,False
2,n_mg,0.7941869791454901,0.0306496656447317,0.7302528969396602,0.8581210613513199,1.0,-5.0,5.0,False
