,param,estimate,stdev,low_95,high_95,guess,lower_bound,upper_bound,fixed
0,logK_dock,-0.1417494110435206,29.57434356310738,-61.47518402751237,61.19168520542533,-1.0,-inf,inf,False
1,logK_2AP,-2.8812788651709416,0.04663392251182859,-2.9779917011189454,-2.7845660292229377,-3.0,-inf,inf,False
2,logK_mg,-7.2422481013811675,20.430601391977547,-49.612722089285676,35.128225886523346,-6.0,-inf,inf,False
3,n_mg,1.4493844457809104,0.16256771304224749,1.1122396439918452,1.7865292475699757,1.0,-5.0,5.0,False
