,param,estimate,stdev,low_95,high_95,guess,lower_bound,upper_bound,fixed
0,logK_dock,9.718629698459093,454.2893478267618,-932.4198137951415,951.8570731920596,-1.0,-inf,inf,False
1,logK_2AP,-4.940479758169109,0.16059492247039492,-5.273533242722594,-4.607426273615624,-3.0,-inf,inf,False
2,logK_mg,-13.31184393364686,348.2381780869378,-735.5136226841092,708.8899348168155,-6.0,-inf,inf,False
3,n_mg,1.3110552503978885,4.456473649071044,-7.931105428234476,10.553215929030253,1.0,-5.0,5.0,False
