,param,estimate,stdev,low_95,high_95,guess,lower_bound,upper_bound,fixed
0,logK_2AP,-2.8821850619571636,0.07336846479310188,-2.9996702154194828,-2.7132951327410826,-3.0,-inf,inf,False
1,logK_mg,-7.318356890671025,0.1608159257305842,-7.699898404334942,-7.085776708733689,-6.0,-inf,inf,False
2,n_mg,1.7901600345748143,0.7526506329352091,1.0778986321191175,4.2866959456481535,1.0,-5.0,5.0,False
