,param,estimate,stdev,low_95,high_95,guess,lower_bound,upper_bound,fixed
0,logK_2AP,-2.2885196704823687,0.05432396150476636,-2.3868492851327203,-2.1736920897510554,-3.0,-inf,inf,False
1,logK_mg,-6.565428396582585,0.18326609167407937,-6.889682794513127,-6.204209460763343,-6.0,-inf,inf,False
2,n_mg,1.9571024615302812,0.8492452691280552,1.2019082067940388,4.554135695995538,1.0,-5.0,5.0,False
