,param,estimate,stdev,low_95,high_95,guess,lower_bound,upper_bound,fixed
0,logK_2AP,-2.7550102250291855,0.042691806841198825,-2.835790402695137,-2.6681311313225375,-3.0,-inf,inf,False
1,logK_mg,-6.277067661325569,0.12604417629260556,-6.5536387371181615,-6.088355584263682,-6.0,-inf,inf,False
2,n_mg,2.098401863460311,0.9672013603680756,1.1086689111131018,4.661109835095326,1.0,-5.0,5.0,False
