,param,estimate,stdev,low_95,high_95,guess,lower_bound,upper_bound,fixed
0,logK_2AP,9.846642832117965,17.96286245963946,-4.162995332623232,63.90280706296173,-3.0,-inf,inf,False
1,logK_mg,-43.83107206614605,43.5444615408343,-167.80397234937482,-6.862953754488856,-6.0,-inf,inf,False
2,n_mg,0.47109165810053644,0.3555479805053207,0.2359975092269136,1.4628027849610086,1.0,-5.0,5.0,False
