,param,estimate,stdev,low_95,high_95,guess,lower_bound,upper_bound,fixed
0,logK_2AP,46.253212546957265,177.14456800111114,-293.75598645588775,297.18090140660627,-3.0,-inf,inf,False
1,logK_mg,1.3597771963324276e+27,2.8629262076746823e+28,-2.946220166303171e+27,1.3437088746412303e+28,-6.0,-inf,inf,False
2,n_mg,-0.7315248371554185,3.2532930907386266,-4.882933470828209,4.817149529711559,1.0,-5.0,5.0,False
