,param,estimate,stdev,low_95,high_95,guess,lower_bound,upper_bound,fixed
0,logK_2AP,-3.871086458996731,0.05337708797775,-3.9651527766931634,-3.758807058514875,-3.0,-inf,inf,False
1,logK_mg,-6.327348876045209,0.20058361118315576,-6.7956665909719085,-6.089018160751378,-6.0,-inf,inf,False
2,n_mg,2.469835431695137,1.143011906058022,0.8329325670173613,4.7945628809421805,1.0,-5.0,5.0,False
