,param,estimate,stdev,low_95,high_95,guess,lower_bound,upper_bound,fixed
0,logK_2AP,-2.4417237422653084,0.053707353377097956,-2.5442866849622194,-2.333200728140324,-3.0,-inf,inf,False
1,logK_mg,-7.006122226362825,0.08457997562899633,-7.171090182254649,-6.83610428365734,-6.0,-inf,inf,False
2,n_mg,1.8828318847983128,0.2489016952194955,1.5178054217447468,2.3800997695835746,1.0,-5.0,5.0,False
