,param,estimate,stdev,low_95,high_95,guess,lower_bound,upper_bound,fixed
0,logK_2AP,-2.3657032989219275,0.03957946087920987,-2.4425489155035427,-2.285694709277263,-3.0,-inf,inf,False
1,logK_mg,-5.996786485349589,0.09652969289818793,-6.1936232034124075,-5.810026165069666,-6.0,-inf,inf,False
2,n_mg,1.5485976031440483,0.2878301535202603,1.1242998310933827,2.1291494797706654,1.0,-5.0,5.0,False
