,param,estimate,stdev,low_95,high_95,guess,lower_bound,upper_bound,fixed
0,logK_dock,-41.830363876475154,1726.642325177984,-3622.667379966262,3539.006652213312,-1.0,-inf,inf,False
1,logK_2AP,-2.2724822906427344,0.042065944500990646,-2.3597217200192837,-2.185242861266185,-3.0,-inf,inf,False
2,logK_mg,21.723438393573634,1171.5926190165424,-2408.0109407399623,2451.45781752711,-6.0,-inf,inf,False
3,n_mg,1.4734127495935885,0.1619134460594284,1.1376248144794106,1.8092006847077664,1.0,-5.0,5.0,False
