,param,estimate,stdev,low_95,high_95,guess,lower_bound,upper_bound,fixed
0,logK_dock,-0.8828926835660067,44.78072012464476,-94.61001707817168,92.84423171103965,-1.0,-inf,inf,False
1,logK_2AP,-2.7484174945436273,0.03391165573956956,-2.8193954057313584,-2.677439583355896,-3.0,-inf,inf,False
2,logK_mg,-5.732161798494092,30.949234638243077,-70.50965436186226,59.04533076487408,-6.0,-inf,inf,False
3,n_mg,1.4470945441971996,0.21090815603213742,1.0056587003510449,1.8885303880433544,1.0,-5.0,5.0,False
