,param,estimate,stdev,low_95,high_95,guess,lower_bound,upper_bound,fixed
0,logK_dock,-4.203619546146388,144.9370575439836,-304.78467972786837,296.37744063557557,-1.0,-inf,inf,False
1,logK_2AP,-3.8709647748611986,0.041570998046164265,-3.957177748115029,-3.784751801607368,-3.0,-inf,inf,False
2,logK_mg,-3.888465333124124,85.34820830071817,-180.8898159218454,173.11288525559718,-6.0,-inf,inf,False
3,n_mg,1.6973819903879552,0.7865010782253918,0.06627858637884643,3.328485394397064,1.0,-5.0,5.0,False
