,param,estimate,stdev,low_95,high_95,guess,lower_bound,upper_bound,fixed
0,logK_dock,-2.033439258781905,49.0656106394527,-101.81923835242733,114.68110836342439,-1.0,-inf,inf,False
1,logK_2AP,-2.876819514097247,0.07157449254522397,-3.0009751096633237,-2.7231562778511442,-3.0,-inf,inf,False
2,logK_mg,-5.510134631843848,34.00411611567251,-87.16809671296133,64.87813325234457,-6.0,-inf,inf,False
3,n_mg,1.5922552370387273,0.501071466645127,1.0921893552441324,3.119401593169643,1.0,-5.0,5.0,False
