,param,estimate,stdev,low_95,high_95,guess,lower_bound,upper_bound,fixed
0,logK_dock,-50.02469378585438,78.70262127968167,-240.96442008979855,118.37110056847519,-1.0,-inf,inf,False
1,logK_2AP,-2.2774458392923815,0.05469873334005757,-2.375152777901433,-2.165338693973221,-3.0,-inf,inf,False
2,logK_mg,23.785585904691928,49.61783232482757,-78.59522599575857,146.93517027684194,-6.0,-inf,inf,False
3,n_mg,1.6320704798990382,0.3499971867061983,1.2172521042817457,2.535229603715402,1.0,-5.0,5.0,False
