,param,estimate,stdev,low_95,high_95,guess,lower_bound,upper_bound,fixed
0,logK_dock,1.630000680493673,56.82448658056204,-123.02851570325039,140.03501679947772,-1.0,-inf,inf,False
1,logK_2AP,-2.748762298241303,0.04596356455368421,-2.837913193511041,-2.657625177540442,-3.0,-inf,inf,False
2,logK_mg,-7.5053864116314015,38.02979679944702,-98.10760928412398,75.97658481053452,-6.0,-inf,inf,False
3,n_mg,1.7578797546753062,0.6754904137909826,1.17644854485232,4.144890340872964,1.0,-5.0,5.0,False
