,param,estimate,stdev,low_95,high_95,guess,lower_bound,upper_bound,fixed
0,logK_dock,-113.7664677471812,98.36069986662162,-304.0138650603994,23.89775131158947,-1.0,-inf,inf,False
1,logK_2AP,109.63978887068482,94.4160269762684,-4.15977931631922,294.4079879843394,-3.0,-inf,inf,False
2,logK_mg,-8.595024087158215,65.9418779252702,-155.92631859544804,138.3704044283655,-6.0,-inf,inf,False
3,n_mg,0.4688740769091669,0.30361753839052186,0.2415125047315259,1.435221214644085,1.0,-5.0,5.0,False
