,param,estimate,stdev,low_95,high_95,guess,lower_bound,upper_bound,fixed
0,logK_dock,-4.794370213881805,59.608010503157125,-151.74627567680244,130.77033994075566,-1.0,-inf,inf,False
1,logK_2AP,-3.8745454034101026,0.049602517441080435,-3.9701247056393907,-3.776622655134904,-3.0,-inf,inf,False
2,logK_mg,-4.99291875841803,26.361634824963755,-62.695299688934206,51.69585160120121,-6.0,-inf,inf,False
3,n_mg,2.5785876417759854,1.0691707394745085,1.0466497055430715,4.753891161127052,1.0,-5.0,5.0,False
