,param,estimate,stdev,low_95,high_95,guess,lower_bound,upper_bound,fixed
0,logK_dock,2.61770179189556,100.56059045120794,-218.60142580722132,236.31573978696383,-1.0,-inf,inf,False
1,logK_2AP,-2.4442882294345085,0.05641169975437476,-2.553349713975507,-2.3332226465319974,-3.0,-inf,inf,False
2,logK_mg,-8.150813566794314,53.08187255853003,-130.8472059921863,108.74023692258609,-6.0,-inf,inf,False
3,n_mg,1.8939675595434304,0.17587420984931654,1.566962794757395,2.286370576504675,1.0,-5.0,5.0,False
