,param,estimate,stdev,low_95,high_95,guess,lower_bound,upper_bound,fixed
0,logK_dock,9.556017429082718,101.12060092054689,-216.95829951199912,254.33703687243326,-1.0,-inf,inf,False
1,logK_2AP,-2.361839637028074,0.042580551055786744,-2.446204989674994,-2.280894872537106,-3.0,-inf,inf,False
2,logK_mg,-12.948256888880682,68.21195655485036,-179.45112790521767,138.61362772309005,-6.0,-inf,inf,False
3,n_mg,1.5663498842623873,0.3519387377794682,1.1960813328968065,2.0221446415915154,1.0,-5.0,5.0,False
