,param,estimate,stdev,low_95,high_95,guess,lower_bound,upper_bound,fixed
0,logK_2AP,-7.772698487072129,0.28499478220057367,-8.362255112201064,-7.183141861943196,-3.0,-inf,inf,False
1,logK_mg,-1.6980483754913955,0.2348612016125272,-2.183895787599311,-1.2122009633834805,-6.0,-inf,inf,False
2,n_mg,0.7772216896008695,0.03393939098258737,0.7070127101517527,0.8474306690499862,1.0,-5.0,5.0,False
