,param,estimate,stdev,low_95,high_95,guess,lower_bound,upper_bound,fixed
0,logK_2AP,-5.297547341494604,17.13615544632567,-41.042941229195335,30.447846546206126,-3.0,-inf,inf,False
1,logK_mg,-2.1850836235915545,36.76497321341855,-78.87547388649024,74.50530663930714,-6.0,-inf,inf,False
2,n_mg,0.46705792824317277,0.023065406078439914,0.4189443342672039,0.5151715222191416,1.0,-5.0,5.0,False
