,param,estimate,stdev,low_95,high_95,guess,lower_bound,upper_bound,fixed
0,logK_2AP,-8.304907634736484,0.5368971545136663,-9.415564019433507,-7.194251250039461,-3.0,-inf,inf,False
1,logK_mg,-1.886729254881732,0.1294086071718844,-2.154431354961579,-1.6190271548018853,-6.0,-inf,inf,False
2,n_mg,0.20391291591760372,0.06697859630709635,0.0653571329317442,0.3424686989034632,1.0,-5.0,5.0,False
