,param,estimate,stdev,low_95,high_95,guess,lower_bound,upper_bound,fixed
0,logK_2AP,-6.000708576773033,0.29582351188816175,-6.6126661359813665,-5.3887510175647,-3.0,-inf,inf,False
1,logK_mg,-2.1809713366078363,0.14358345599081238,-2.477996345573498,-1.8839463276421748,-6.0,-inf,inf,False
2,n_mg,0.19219127321659535,0.053691337955502585,0.08112227834136423,0.3032602680918265,1.0,-5.0,5.0,False
