,param,estimate,stdev,low_95,high_95,guess,lower_bound,upper_bound,fixed
0,logK_2AP,-5.449970257793319,0.3280153501322115,-6.128521708178584,-4.771418807408053,-3.0,-inf,inf,False
1,logK_mg,-2.684116567665303,0.7856854899566159,-4.309430835859869,-1.058802299470737,-6.0,-inf,inf,False
2,n_mg,0.3087935260112786,0.03490140013700495,0.23659447900358316,0.380992573018974,1.0,-5.0,5.0,False
