,param,estimate,stdev,low_95,high_95,guess,lower_bound,upper_bound,fixed
0,logK_2AP,-2.7862571752808067,41.887101892597805,-90.16122063513947,84.58870628457785,-3.0,-inf,inf,False
1,logK_mg,-6.1819660967528085,126.49876053394118,-270.0537566949883,257.68982450148263,-6.0,-inf,inf,False
2,n_mg,0.33112310867677686,0.022552237496502456,0.28407996560501475,0.37816625174853896,1.0,-5.0,5.0,False
